지도코드,지도_동,시,구,동,행정코드,총교통량,개인승용차교통량,버스교통량,화물차교통량,혼잡빈도강도,주유소_개수,LPG충전소_개수,인구밀도,혼잡시간강도,공시지가평균,공시지가중앙값,위도,경도,주유소_최솟값,주유소_최소3개평균,주유소_최소5개평균,lpg_최솟값,lpg_최소3개평균,lpg_최소5개평균,과학·기술,교육,보건의료,부동산,소매,수리·개인,숙박,시설관리·임대,예술·스포츠,음식,상업수,거리_최솟값,최소거리2개평균
27110101,동인동1가,대구광역시,중구,동인동,2201070,11508.0,9861.0,427.0,1221.0,59.1,2,0,13277.77778,75.1,1822368.0,1815000,35.8725122,128.60349,160.1049638,257.9027904,502.5835919,486.1556426,763.6957583,1125.051293,24,1,0,3,26,5,1,33,2,61,156,1094.5781059070093,3106.4424617383793
27110102,동인동2가,대구광역시,중구,동인동,2201070,11508.0,9861.0,427.0,1221.0,59.1,1,1,5440,75.1,2258040.0,2124000,35.8691321,128.6032625,238.7607981,329.500299,538.7044766,491.9156275,665.9977113,1006.261849,33,7,2,7,33,11,9,41,5,86,234,719.2401113334524,2861.0015553100734
27110103,동인동3가,대구광역시,중구,동인동,2201070,11508.0,9861.0,427.0,1221.0,59.1,0,0,11355.88235,75.1,1471883.929,1389000,35.8721571,128.609925,391.1354026,492.6039616,715.8891726,167.399122,556.415546,900.8672521,62,5,0,5,48,28,1,14,4,20,187,1217.2910886164016,2894.745692746916
27110104,동인동4가,대구광역시,중구,동인동,2201070,11508.0,9861.0,427.0,1221.0,59.1,0,0,9251.851852,75.1,1587671.93,1408000,35.8677,128.6103,654.7135174,734.8518678,839.2455402,179.3601649,495.9657255,775.3847737,65,7,1,9,72,54,0,17,9,156,390,851.6694851676968,2601.068604048632
27110105,삼덕동1가,대구광역시,중구,삼덕동,2201054,16679.0,14398.0,537.0,1744.0,69.64,0,0,800,84.65,7121206.897,4793000,35.8662987,128.5983625,415.5540428,608.9221751,796.8140227,527.3635067,843.7305021,1278.244035,30,13,25,16,188,54,2,7,43,255,633,595.5292772626665,2966.270144678078
27110106,삼덕동2가,대구광역시,중구,삼덕동,2201054,16679.0,14398.0,537.0,1744.0,69.64,0,0,11426.92308,84.65,2598456.522,2097500,35.8655904,128.6026125,329.4129733,495.2023809,688.2240956,148.8092793,519.0670244,958.4117976,64,8,34,11,85,38,5,29,12,158,444,330.50583191113776,2638.0898871311415
27110107,삼덕동3가,대구광역시,중구,삼덕동,2201054,16679.0,14398.0,537.0,1744.0,69.64,0,0,14133.33333,84.65,1791692.308,1657000,35.8645571,128.6092875,589.1937457,805.5638987,895.7120736,462.2266292,501.7110446,820.4310288,55,16,2,14,45,55,3,6,2,114,312,589.2589547616715,2461.368478840231
27110108,봉산동,대구광역시,중구,성내1동,2201056,8176.0,6722.0,639.0,814.0,42.91,0,0,"5,355.56",62.36,3304371.053,2257000,35.8631,128.5973,534.6439993,782.4570093,927.5624062,620.4827724,919.1315383,1402.274477,73,40,24,11,225,95,7,21,10,204,710,535.0740182436531,2945.1221025636787
27110109,장관동,대구광역시,중구,성내2동,2201059,6833.0,5728.0,350.0,754.0,51.32,0,0,"6,619.74",71.1,1915200.0,2017000,35.8688352,128.5905569,748.5016333,779.1879002,914.0166084,1286.139006,1505.467824,1828.533315,2,1,0,0,6,3,3,0,4,17,36,1332.1134067472296,3024.5460130268807
27110110,상서동,대구광역시,중구,성내2동,2201059,6833.0,5728.0,350.0,754.0,51.32,0,0,"6,619.74",71.1,3332666.667,4304000,35.8704635,128.5899558,574.6740711,604.0362223,813.8236173,1408.905479,1599.209991,1863.250094,0,5,1,0,5,0,1,1,0,4,17,1477.1704000634645,3030.071402660609
27110111,수동,대구광역시,중구,성내2동,2201059,6833.0,5728.0,350.0,754.0,51.32,0,0,"6,619.74",71.1,2399600.0,2036000,35.8697086,128.5891331,671.5014986,698.2983819,901.4700118,1441.427562,1643.961911,1908.190791,5,5,2,1,18,9,0,7,2,22,71,1492.3420767951552,3024.8949299724036
27110112,덕산동,대구광역시,중구,성내1동,2201056,8176.0,6722.0,639.0,814.0,42.91,0,0,"5,355.56",62.36,8000571.429,8035000,35.8660855,128.5932916,768.5175896,932.1429068,1012.200264,967.4885122,1241.459868,1699.976397,12,14,19,6,319,43,0,4,7,95,519,972.5698836687468,3028.2198145298557
27110113,종로1가,대구광역시,중구,성내2동,2201059,6833.0,5728.0,350.0,754.0,51.32,0,0,3354.83871,71.1,2798963.636,2649000,35.8703141,128.5911525,579.3277066,616.8686267,789.960593,1305.441602,1498.780477,1796.777624,43,16,1,4,34,15,15,20,3,74,225,1380.839546340804,3033.6662836124538
27110114,종로2가,대구광역시,중구,성내2동,2201059,6833.0,5728.0,350.0,754.0,51.32,0,0,2310.344828,71.1,2966111.111,3088000,35.8683546,128.5919772,794.9375307,799.4343721,901.4751506,1147.302866,1378.81851,1750.097065,2,2,0,0,19,7,6,0,2,87,125,1194.8741810448491,3024.912081785787
27110115,사일동,대구광역시,중구,성내1동,2201056,8176.0,6722.0,639.0,814.0,42.91,0,0,"5,355.56",62.36,6041000.0,4575500,35.8711407,128.5943675,541.5760964,573.4563644,676.9896423,1115.106611,1286.572827,1639.641007,18,4,3,3,16,7,0,5,5,20,81,1234.3534355470708,3070.7774734117315
27110116,동일동,대구광역시,중구,성내2동,2201059,6833.0,5728.0,350.0,754.0,51.32,0,0,6619.74,71.1,3563000.0,3563000,35.8697204,128.5927741,650.1836476,678.2887211,785.5193274,1145.334568,1351.700709,1706.41427,1,0,1,1,7,0,3,1,2,17,33,1225.4838061340556,3036.1689677045497
27110117,남일동,대구광역시,중구,성내1동,2201056,8176.0,6722.0,639.0,814.0,42.91,0,0,"5,355.56",62.36,6837076.923,7868000,35.8693901,128.5942224,582.2457982,682.5897967,781.8731565,1013.609539,1229.168602,1628.603919,5,17,8,2,26,14,0,3,4,56,135,1102.9349900786547,3041.4796420924067
27110118,전동,대구광역시,중구,성내2동,2201059,6833.0,5728.0,350.0,754.0,51.32,0,0,6619.74,71.1,2585857.143,1769000,35.8707366,128.5928213,539.7071794,598.362961,719.4388232,1200.381857,1384.371636,1711.721945,0,0,0,0,6,2,3,3,1,20,35,1297.4643093378425,3048.847746015123
27110119,동성로3가,대구광역시,중구,성내2동,2201059,6833.0,5728.0,350.0,754.0,51.32,0,0,6619.74,71.1,11325250.0,10429000,35.8676904,128.5938875,645.7527876,817.2505635,899.9924531,959.9249665,1211.423145,1647.709524,9,25,9,4,69,11,3,2,8,86,226,1009.9146547421287,3025.7365805918294
27110120,동문동,대구광역시,중구,성내1동,2201056,8176.0,6722.0,639.0,814.0,42.91,0,0,"5,355.56",62.36,3807100.0,2799500,35.8719869,128.5984757,335.9230442,519.6873293,615.0124601,941.5672794,1060.660063,1411.269061,23,7,0,5,69,23,7,14,3,117,268,1120.3445832300026,3165.3098361657185
27110121,문화동,대구광역시,중구,성내1동,2201056,8176.0,6722.0,639.0,814.0,42.91,0,0,"5,355.56",62.36,4462200.0,3105500,35.8712741,128.5973288,357.6051047,573.6933987,648.0934931,936.5300603,1090.708271,1467.862193,6,4,4,3,37,13,3,2,2,62,136,1093.9147532606182,3119.6310521054133
27110122,공평동,대구광역시,중구,성내1동,2201056,8176.0,6722.0,639.0,814.0,42.91,0,0,"5,355.56",62.36,7881744.444,6677000,35.8696654,128.597925,248.0052553,558.0729146,688.7802186,767.3707113,975.1584994,1377.179015,26,11,26,13,76,51,1,29,24,172,429,912.5378262118693,3090.033027037915
27110123,동성로2가,대구광역시,중구,성내1동,2201056,8176.0,6722.0,639.0,814.0,42.91,0,0,"5,355.56",62.36,18329045.45,12200000,35.8700737,128.5956082,460.6667658,634.369327,726.4117334,953.4893544,1151.548106,1564.81876,24,9,22,8,155,16,0,8,11,71,324,1071.6339667610941,3065.2733281980973
27110124,태평로1가,대구광역시,중구,성내1동,2201056,8176.0,6722.0,639.0,814.0,42.91,0,0,5906.25,62.36,2768600.0,2407000,35.8747194,128.5981281,586.4196698,620.9370841,654.8163705,973.6735607,1226.362903,1561.586935,11,1,0,3,38,14,1,5,2,23,98,1415.2905017200508,3244.705759451905
27110125,교동,대구광역시,중구,성내1동,2201056,8176.0,6722.0,639.0,814.0,42.91,0,0,"5,355.56",62.36,1962772.0,1957000,35.8733688,128.5988572,455.1384565,548.1389529,618.0014095,895.7576189,1102.725377,1444.949841,5,3,0,3,141,15,1,4,0,36,208,1252.2656153064813,3219.5056532562376
27110126,용덕동,대구광역시,중구,성내1동,2201056,8176.0,6722.0,639.0,814.0,42.91,0,0,"5,355.56",62.36,2714777.778,2130000,35.8739641,128.5966941,482.021377,547.0888362,623.7721227,1093.280566,1287.519877,1611.721052,0,1,0,1,57,3,0,0,0,3,65,1385.999657016669,3183.317460089588
27110127,상덕동,대구광역시,중구,성내1동,2201056,8176.0,6722.0,639.0,814.0,42.91,0,0,2333.333333,62.36,2946000.0,2946000,35.8737674,128.5977783,536.67616,589.7232209,633.5805817,994.3087275,1199.123558,1536.603758,1,0,0,0,10,0,0,0,0,2,13,1327.1112634938568,3203.5609700424557
27110128,완전동,대구광역시,중구,성내1동,2201056,8176.0,6722.0,639.0,814.0,42.91,0,0,"5,355.56",62.36,1601350.0,1641500,35.872549,128.5992567,357.2892825,481.7678926,605.3468744,864.1592432,1035.942707,1381.125005,3,1,0,0,15,6,0,0,0,17,42,1154.595314462887,3203.694001961513
27110129,도원동,대구광역시,중구,성내3동,2201061,10307.0,8789.0,383.0,1135.0,38.64,0,0,"6,153.16",56.95,2167000.0,2167000,35.8765722,128.5833253,560.103027,673.659181,735.787281,1586.542485,2048.255767,2204.709849,0,1,0,1,0,0,0,0,0,3,5,2368.008109811225,3059.745195074711
27110130,수창동,대구광역시,중구,성내2동,2201059,6833.0,5728.0,350.0,754.0,51.32,0,0,6619.74,71.1,1383389.655,1410000,35.8752654,128.5847375,448.6788937,546.1578574,704.3902953,1777.85278,2015.253881,2176.716894,1,3,1,8,21,4,3,3,0,27,71,2176.929461415787,3051.5295537016996
27110131,태평로3가,대구광역시,중구,성내2동,2201059,6833.0,5728.0,350.0,754.0,51.32,2,1,9140.625,71.1,1731500.0,1373500,35.876815,128.587437,195.0602672,316.6830114,524.9154801,1796.335348,1920.708111,2103.464834,4,1,1,0,13,7,0,0,0,7,33,2120.4658753850013,3103.6492271766247
27110132,인교동,대구광역시,중구,성내3동,2201061,10307.0,8789.0,383.0,1135.0,38.64,0,0,"6,153.16",56.95,1566418.519,1555000,35.8729064,128.5840028,628.4050585,691.3267535,880.4058869,1968.211628,2072.313093,2216.326951,4,0,0,0,29,14,3,1,2,12,65,2073.7694447387275,3027.3798979968105
27110133,서야동,대구광역시,중구,성내3동,2201061,10307.0,8789.0,383.0,1135.0,38.64,0,0,"6,153.16",56.95,1615344.444,1393000,35.8732642,128.5857366,484.2707628,537.6527831,777.0745654,1892.144979,1995.278376,2120.770971,4,0,0,1,9,1,0,1,0,2,18,1968.257121749424,3035.2793076193384
27110134,서성로1가,대구광역시,중구,성내3동,2201061,10307.0,8789.0,383.0,1135.0,38.64,0,0,6619.74,56.95,1824154.545,1602000,35.8724426,128.5871681,483.4236375,500.9557322,772.0752564,1734.656229,1893.802905,2032.449792,2,0,0,0,14,3,1,0,2,8,30,1810.134498423855,3034.405066063949
27110135,시장북로,대구광역시,중구,대신동,2201062,6078.0,5136.0,343.0,599.0,53.54,0,0,"6,153.16",69.04,1933800.0,1910000,35.8721149,128.5824413,793.9039289,856.3584694,1013.702752,1986.218338,2137.809553,2272.922261,3,3,1,1,12,9,3,0,0,8,40,2148.7772113082315,3024.3830900655425
27110136,하서동,대구광역시,중구,성내2동,2201059,6833.0,5728.0,350.0,754.0,51.32,0,0,6619.74,71.1,2805500.0,2805500,35.8702087,128.5880417,650.5645731,673.7179931,897.8194781,1553.794564,1747.471832,1971.008406,0,0,0,2,4,2,0,1,0,4,13,1605.3713715345848,3024.8543714339803
27110137,남성로,대구광역시,중구,성내2동,2201059,6833.0,5728.0,350.0,754.0,51.32,0,0,6619.74,71.1,4054666.667,4045000,35.8683,128.58952,817.92519,845.470819,977.522668,1355.568582,1580.703255,1891.525274,7,9,3,0,38,12,2,2,0,40,113,1385.3410535347628,3025.4123349803262
27110138,계산동1가,대구광역시,중구,성내2동,2201059,6833.0,5728.0,350.0,754.0,51.32,0,0,6619.74,71.1,2307666.667,2541000,35.8692701,128.5863501,813.0855331,831.6846847,1032.871507,1660.924481,1866.183896,2073.474705,18,3,1,0,2,1,0,1,0,7,33,1689.6793631993555,3027.1136683120912
27110139,계산동2가,대구광역시,중구,성내2동,2201059,6833.0,5728.0,350.0,754.0,51.32,0,0,6619.74,71.1,3784500.0,3279000,35.8677237,128.58825,904.7896072,929.5611037,1036.844568,1449.651341,1679.137269,1972.645867,11,2,1,7,256,16,1,10,3,70,377,1462.7573513477798,3031.6814484027627
27110140,동산동,대구광역시,중구,성내3동,2201061,10307.0,8789.0,383.0,1135.0,38.64,0,0,"6,153.16",56.95,2586896.429,1859000,35.8685,128.5843,987.570404,1001.684114,1105.836837,1816.636987,2027.986159,2206.223528,28,7,11,7,131,8,2,11,1,46,252,1826.0879456699101,3040.0058240592034
27110141,서문로2가,대구광역시,중구,성내3동,2201061,10307.0,8789.0,383.0,1135.0,38.64,0,0,"6,153.16",56.95,2341142.857,2349000,35.8709061,128.5863209,664.7964214,680.3085979,925.2536374,1727.121243,1909.855543,2071.86602,12,0,1,3,9,4,0,5,0,3,37,1778.3766549964698,3024.6470405916452
27110142,서성로2가,대구광역시,중구,성내2동,2201059,6833.0,5728.0,350.0,754.0,51.32,0,0,6619.74,71.1,2331000.0,2331000,35.8700837,128.587198,696.7206992,717.0147531,944.1172165,1619.043092,1813.993883,2020.163271,0,0,0,0,5,2,0,0,2,4,13,1663.9023130740688,3024.329509778983
27110143,포정동,대구광역시,중구,성내2동,2201059,6833.0,5728.0,350.0,754.0,51.32,0,0,5100,71.1,4192888.889,3176000,35.871904,128.5929111,415.1932633,480.7300375,652.1611458,1270.555276,1427.734343,1723.425039,5,2,2,3,38,9,0,6,6,56,127,1384.7328009243126,3068.5358100277876
27110144,서문로1가,대구광역시,중구,성내2동,2201059,6833.0,5728.0,350.0,754.0,51.32,0,0,6619.74,71.1,2034808.333,2491500,35.8716434,128.589237,462.8353375,490.1636233,736.9178044,1528.464673,1698.201034,1911.006817,6,2,1,3,7,3,0,6,0,14,42,1607.9944625473884,3036.7183671004664
27110145,서내동,대구광역시,중구,성내2동,2201059,6833.0,5728.0,350.0,754.0,51.32,0,0,6619.74,71.1,1519220.0,1444000,35.8726825,128.5886485,381.7422508,405.1387709,680.288385,1633.944484,1786.581965,1954.597224,1,0,0,1,7,1,0,1,0,3,14,1722.171541135111,3044.5839718773905
27110146,북성로2가,대구광역시,중구,성내2동,2201059,6833.0,5728.0,350.0,754.0,51.32,0,0,6619.74,71.1,1894000.0,2295500,35.8739383,128.589198,239.8876806,265.3698719,568.6486909,1673.666842,1802.874561,1946.996944,1,0,0,0,11,0,0,1,0,7,20,1779.751057990917,3066.9230652342567
27110147,대안동,대구광역시,중구,성내2동,2201059,6833.0,5728.0,350.0,754.0,51.32,0,0,6619.74,71.1,1708057.895,1924000,35.8731314,128.5913806,266.2016328,312.1585022,572.0228473,1463.742633,1599.886212,1821.878588,7,3,0,1,18,6,4,2,0,25,66,1578.4933384470728,3074.527363765448
27110148,동성로1가,대구광역시,중구,성내1동,2201056,8176.0,6722.0,639.0,814.0,42.91,0,0,"5,355.56",62.36,6274857.143,7762000,35.8730919,128.5957162,450.9011242,520.14872,612.4159559,1179.734584,1296.44877,1622.481371,0,4,0,0,142,3,0,1,1,5,156,1341.2483630645688,3137.2640609333685
27110149,태평로2가,대구광역시,중구,성내2동,2201059,6833.0,5728.0,350.0,754.0,51.32,1,0,6619.74,71.1,2013000.0,2140000,35.8755954,128.5924938,71.46641437,164.8881424,448.0088875,1491.519353,1664.122452,1838.160367,3,0,0,0,9,5,1,2,0,11,31,1731.4040761085273,3146.758094512176
27110150,북성로1가,대구광역시,중구,성내1동,2201056,8176.0,6722.0,639.0,814.0,42.91,0,0,"5,355.56",62.36,2677287.5,2348000,35.874334,128.5936458,218.6274717,311.8741363,535.3279907,1370.807846,1507.808348,1747.974607,27,17,2,6,30,9,9,8,0,28,136,1557.2261811482038,3132.9909016220026
27110151,화전동,대구광역시,중구,성내1동,2201056,8176.0,6722.0,639.0,814.0,42.91,0,0,"5,355.56",62.36,3134272.727,3509000,35.8731718,128.5948048,381.8637483,472.1560461,599.8787025,1244.49239,1360.999109,1663.724198,2,0,0,0,31,1,1,1,1,10,47,1391.9724358946771,3122.8150536320404
27110152,향촌동,대구광역시,중구,성내2동,2201059,6833.0,5728.0,350.0,754.0,51.32,0,0,6619.74,71.1,1930000.0,1553000,35.873316,128.5936834,302.2846862,387.1209966,587.7109287,1324.817685,1445.337276,1717.378615,1,2,0,1,31,9,4,2,1,43,94,1462.5342378540884,3108.2126230618014
27110153,북내동,대구광역시,중구,성내2동,2201059,6833.0,5728.0,350.0,754.0,51.32,0,0,6619.74,71.1,1151512.5,1125050,35.8729818,128.5896469,310.7284325,340.8176298,618.7932162,1577.871112,1722.762964,1906.570019,3,0,0,0,0,0,1,1,0,0,5,1676.9199019807372,3055.7228270309274
27110154,대신동,대구광역시,중구,대신동,2201062,6078.0,5136.0,343.0,599.0,53.54,0,0,14398.07692,69.04,2887434.524,1681000,35.8655452,128.5762676,524.7531239,751.5847426,1068.719526,1940.833345,2085.998492,2195.76822,16,13,7,18,2176,77,7,8,4,208,2534,2453.459241591969,3171.2111077825675
27110155,달성동,대구광역시,중구,성내3동,2201061,10307.0,8789.0,383.0,1135.0,38.64,0,0,"6,153.16",56.95,1522603.704,1505000,35.8759487,128.579075,712.4733126,869.5570447,964.2451642,1479.432903,1962.399746,2229.470797,3,2,1,16,21,7,3,3,0,16,72,2631.302392536591,3031.1586830343194
27110156,남산동,대구광역시,중구,남산동,2201064,10733.33333,9233.0,456.6666667,1044.0,37.55,1,1,21229.81366,60.90333333,1880557.86,1437000,35.8593362,128.5904272,449.8801703,585.3878366,793.6930296,1296.317106,1613.80524,1954.155483,401,124,36,82,356,219,5,65,37,388,1713,1210.703751935658,3257.6296827867322
27110157,대봉동,대구광역시,중구,대봉동,2201068,9659.0,8251.0,435.0,972.0,62.98,2,1,14926.19,78.06,2050974.83,1772000,35.861649,128.6043,150.1347947,585.4361445,817.2633203,37.27445485,461.2224551,974.2621248,197,43,12,36,397,160,3,78,31,328,1285,149.12680301034882,2426.823121109021
27140101,신암동,대구광역시,동구,신암동,2202051,7505.25,6272.75,375.5,857.0,47.6,2,0,16552.87009,66.01,1467884.282,1123000,35.8843073,128.6163548,759.8341041,946.600737,1017.657751,1115.581279,1248.473721,1394.832278,108,59,17,120,468,260,44,71,72,690,1909,2680.685732342197,3767.659624634657
27140102,신천동,대구광역시,동구,신천동,2202056,7418.0,6241.0,326.0,852.0,36.91,2,1,21128.20513,58.46,2159600.948,1802000,35.8727571,128.623575,483.9858133,669.0261712,822.4655992,482.3972442,793.594769,1039.554643,427,96,20,98,770,260,57,96,70,788,2682,2155.062401732575,2846.2925290997255
27140103,효목동,대구광역시,동구,효목동,2202060,11887.0,10023.0,439.0,1426.0,63.23,4,1,12283.33333,76.28,1290505.714,1084000,35.8816208,128.6448881,246.734487,476.574155,581.9063234,106.9870359,1035.647696,1335.561835,139,28,10,32,302,164,25,50,64,493,1307,3169.00532404973,3741.212264753734
27140104,평광동,대구광역시,동구,도평동,2202062,17225.0,11690.0,199.0,5336.0,30.26,0,0,186.25,35.03,95915.59322,62000,35.9306,128.7081,2920.493116,2920.493116,3163.589167,3617.202126,5784.58766,6293.521862,0,0,0,0,0,1,0,0,0,0,1,5256.177419823076,7472.606966751574
27140105,봉무동,대구광역시,동구,불로.봉무동,2202063,9795.0,7338.0,233.0,2224.0,22.63,3,0,2684.32,31.47,796029.2683,717400,35.926735,128.6438,1340.938496,2182.020347,2586.551683,3351.059066,3879.752511,4057.02135,35,61,4,25,263,62,1,10,39,217,717,7999.912049792331,8046.704804139457
27140106,불로동,대구광역시,동구,불로.봉무동,2202063,9795.0,7338.0,233.0,2224.0,22.63,2,1,2684.32,31.47,801759.3023,700500,35.9056,128.6334,679.3162406,835.2939397,965.1460967,1159.678526,1511.003053,1927.883122,27,12,2,10,144,66,0,13,16,157,447,5490.688698888962,5756.304889845218
27140107,도동,대구광역시,동구,도평동,2202062,17225.0,11690.0,199.0,5336.0,30.26,0,0,186.25,35.03,346501.8182,383700,35.9258,128.6669,2873.701995,3286.581319,3500.523948,4035.842593,4506.990629,4844.288583,6,2,0,0,26,8,0,3,2,24,71,7164.866294452743,7574.5411813269575
27140108,지저동,대구광역시,동구,지저동,2202065,12189.0,9906.0,384.0,1899.0,40.27,4,0,4065.437788,57.83,941725.9259,889850,35.893439,128.638318,393.9599163,421.6784567,623.5214877,394.4410169,991.9796527,1365.798303,11,6,3,7,110,62,4,16,20,119,358,4601.852039111922,4631.60733262566
27140109,입석동,대구광역시,동구,동촌동,2202066,6095.0,4828.0,311.0,955.0,39.17,0,0,3979.53,55.87,996728.2609,839300,35.8986,128.6535,1040.731032,1077.710799,1137.973508,1228.071428,1666.286762,2145.068742,21,2,1,7,58,46,6,5,13,121,280,4904.747977983403,5474.9055364537035
27140110,검사동,대구광역시,동구,동촌동,2202066,6095.0,4828.0,311.0,955.0,39.17,3,0,3979.53,55.87,881487.6923,767000,35.8958,128.6641,1366.413763,1366.413763,1370.477601,1388.412387,1996.284608,2697.32173,27,5,1,9,75,61,5,14,17,78,292,4653.699767510572,5348.657875441016
27140111,방촌동,대구광역시,동구,방촌동,2202068,12860.0,10415.0,670.0,1775.0,91.75,4,1,21560.31746,94.97,1184206.383,1012000,35.8800556,128.6652466,449.3382585,539.1735812,557.1406457,744.650053,1845.263055,2402.43066,54,32,10,18,230,167,2,28,54,321,916,2973.2192866122973,4438.267964147051
27140112,둔산동,대구광역시,동구,해안동,2202069,15701.0,9922.0,328.0,5452.0,30.33,0,0,1096.62,37.87,251176.6,145400,35.908099,128.689375,3737.81663,3737.81663,3758.637659,3844.759766,4513.658819,4885.291874,2,0,0,0,4,1,0,3,2,8,20,4374.601042912308,5532.079246519727
27140113,부동,대구광역시,동구,해안동,2202069,15701.0,9922.0,328.0,5452.0,30.33,0,0,1096.62,37.87,298299.2308,168700,35.8912,128.6897,2239.878602,2239.878602,2239.878602,2911.253919,3739.989664,4005.771121,0,1,0,1,10,4,0,0,0,3,19,3681.5918579465106,4395.979754628421
27140114,신평동,대구광역시,동구,해안동,2202069,15701.0,9922.0,328.0,5452.0,30.33,0,0,1096.62,37.87,709039.6226,751400,35.883,128.6863,1397.817083,1397.817083,1397.817083,2498.59758,3453.647491,3762.654341,0,0,0,0,14,11,0,6,0,9,40,3977.1285692915885,4093.6034276340397
27140115,서호동,대구광역시,동구,안심4동,2202077,4853.0,3760.0,254.0,839.0,45.84,1,0,"11,000",60.91,979564.2857,926650,35.8652,128.7106,1579.936234,1738.391241,1790.416376,1671.998517,2415.187515,3737.492231,10,11,2,8,34,29,0,13,8,46,161,2969.136789912467,4038.2641676069247
27140116,동호동,대구광역시,동구,안심4동,2202077,4853.0,3760.0,254.0,839.0,45.84,1,0,"3,600",60.91,1255157.447,1050000,35.8667487,128.717525,937.1896319,1097.972463,1443.283486,1027.243636,1769.1742,3564.742617,35,16,2,23,76,99,2,20,23,147,443,2492.353730111,4124.030282596559
27140117,신기동,대구광역시,동구,안심1동,2202073,7735.0,5870.0,280.0,1585.0,50.0,0,0,"12,600",60.25,1177240.0,1109000,35.8654571,128.7052,1408.468101,1408.468101,1408.468101,2128.658291,2874.099097,3827.244309,18,5,5,12,118,53,3,11,15,154,394,3261.2743929905887,3951.6485324456207
27140118,율하동,대구광역시,동구,안심1동,2202073,7735.0,5870.0,280.0,1585.0,50.0,1,0,"12,600",60.25,1261727.907,1127000,35.8668237,128.691,469.2835027,469.2835027,469.2835027,3362.433145,3405.954253,3901.83466,62,70,17,41,328,210,1,29,55,418,1231,3478.6212736945163,3822.2725182382887
27140119,용계동,대구광역시,동구,안심2동,2202074,12335.0,9386.0,385.0,2565.0,58.9,7,1,810,67.19,794208.0645,777200,35.87355,128.6862389,526.9515811,526.9515811,526.9515811,2751.470276,3440.181055,3725.262732,9,3,0,7,91,51,3,17,9,49,239,3485.206839101904,3854.072161073549
27140120,율암동,대구광역시,동구,안심2동,2202074,12335.0,9386.0,385.0,2565.0,58.9,1,0,810,67.19,1208397.436,1065000,35.8803987,128.7044625,1584.425685,1584.425685,1584.425685,2394.243047,2981.495708,3754.597108,3,0,2,0,18,7,0,2,0,8,40,2420.0652354751696,3844.332805115251
27140121,상매동,대구광역시,동구,안심2동,2202074,12335.0,9386.0,385.0,2565.0,58.9,0,0,810,67.19,393752.0,124200,35.907799,128.711925,3505.977499,4035.535133,4192.119571,4393.434422,4641.15528,5111.155618,8,0,0,2,5,0,8,0,1,16,40,2855.3404562233445,5330.0027877659495
27140122,매여동,대구광역시,동구,안심2동,2202074,12335.0,9386.0,385.0,2565.0,58.9,0,0,810,67.19,136315.0,68900,35.9114,128.7283,3673.005031,4165.08954,4324.696453,4547.427494,4556.063743,5386.948063,1,0,0,0,0,0,0,0,0,3,4,2740.849695816729,5926.289979657296
27140123,각산동,대구광역시,동구,안심4동,2202077,4853.0,3760.0,254.0,839.0,45.84,1,0,"11,000",60.91,1228932.593,1363500,35.8841,128.717,1033.202909,1518.605909,1813.06284,1812.718584,2316.802931,3768.351541,69,50,7,33,105,113,1,21,34,203,636,1219.1127222972866,3833.0315253122412
27140124,신서동,대구광역시,동구,안심3동,2202076,9604.0,6550.0,323.0,2731.0,57.76,2,0,"3,600",62.42,1241620.0,1047000,35.8865,128.7312,1018.935049,1445.367856,1688.998048,1808.20248,1964.300408,4073.423379,55,81,10,37,194,128,1,22,48,312,888,102.40350366965087,3899.831370441456
27140125,동내동,대구광역시,동구,혁신동,2202078,7389.0,5128.0,225.0,2036.0,34.84,0,0,"11,000",44.99,235570.0,49200,35.89,128.7419,1901.230205,2058.121347,2216.103295,1900.653559,2307.391889,4676.414259,4,2,0,1,3,0,0,4,0,6,20,1124.6218041979332,4929.363456966335
27140126,괴전동,대구광역시,동구,안심3동,2202076,9604.0,6550.0,323.0,2731.0,57.76,3,1,"3,600",62.42,770530.2564,733700,35.8715571,128.737775,783.5037189,852.6418491,1042.101048,894.6409607,1045.755206,3796.091929,12,8,0,11,22,23,0,3,1,19,99,1821.6374174398338,4740.493393416967
27140127,금강동,대구광역시,동구,안심3동,2202076,9604.0,6550.0,323.0,2731.0,57.76,0,0,"3,600",62.42,194556.4103,128900,35.8585404,128.7371125,1604.246973,1617.859454,1908.79873,1555.221186,1794.597851,4365.059358,0,0,0,0,0,1,0,0,1,6,8,3192.4792092176194,5283.604153650649
27140128,대림동,대구광역시,동구,안심3동,2202076,9604.0,6550.0,323.0,2731.0,57.76,1,0,"3,600",62.42,444440.0,156450,35.8686,128.7452,945.5939166,1310.44821,1527.879592,944.7404325,1361.077183,4272.026412,16,11,0,4,26,9,0,10,8,27,111,2431.0445151563986,5336.510820655165
27140129,사복동,대구광역시,동구,안심3동,2202076,9604.0,6550.0,323.0,2731.0,57.76,0,0,"3,600",62.42,398862.5,116400,35.8714,128.7531,410.6076174,1581.942801,1936.126198,410.8509111,1651.804438,4707.968221,6,13,0,4,13,14,0,4,2,17,73,2685.017662715383,5844.063226602228
27140130,숙천동,대구광역시,동구,혁신동,2202078,7389.0,5128.0,225.0,2036.0,34.84,0,0,"3,600",44.99,410977.3913,411900,35.8806,128.75,648.5902944,1637.982016,1894.073765,648.2583815,1741.429735,4615.756708,2,0,0,0,1,2,0,0,0,5,10,1921.3117116421995,5462.938847388638
27140131,내곡동,대구광역시,동구,혁신동,2202078,7389.0,5128.0,225.0,2036.0,34.84,0,0,1133,44.99,140722.2727,91700,35.8987,128.7532,2630.444853,3224.613007,3464.137871,2630.528022,3462.167714,5550.001228,0,0,0,0,0,0,0,1,0,1,2,2471.468910365653,6279.827935641708
27140132,능성동,대구광역시,동구,공산동,2202071,6488.0,5192.0,181.0,1115.0,13.14,0,0,248.1,19.35,187015.2083,142250,35.9674,128.7357,3328.581579,3627.555164,3866.734032,3599.348277,8246.816786,9418.036743,1,0,0,0,2,0,4,0,0,11,18,8963.869796686144,11716.721257116878
27140133,진인동,대구광역시,동구,공산동,2202071,6488.0,5192.0,181.0,1115.0,13.14,0,0,248.1,19.35,133119.2759,111450,35.96,128.7158,1724.012739,1901.717047,2043.880492,1761.078352,7145.258901,8283.796831,3,1,0,0,7,1,1,0,1,20,34,8230.442972800276,10571.232359277037
27140134,도학동,대구광역시,동구,공산동,2202071,6488.0,5192.0,181.0,1115.0,13.14,0,0,248.1,19.35,126570.5429,70800,35.9865106,128.7132046,2515.259778,3053.472305,3484.042326,3134.707243,8489.428139,10142.38411,2,0,0,0,5,0,0,0,0,8,15,11174.680578765263,13362.10434002193
27140135,백안동,대구광역시,동구,공산동,2202071,6488.0,5192.0,181.0,1115.0,13.14,0,0,248.1,19.35,290612.5,246550,35.9555,128.6954,372.650734,372.650734,562.75139,702.7356952,5835.663337,7281.288493,0,0,0,4,11,2,1,0,0,33,51,8247.210255565076,10011.253223964191
27140136,미곡동,대구광역시,동구,공산동,2202071,6488.0,5192.0,181.0,1115.0,13.14,0,0,248.1,19.35,173006.3333,123300,35.9654346,128.6885625,941.7513624,1082.603521,1195.285248,815.0462298,6342.680893,7771.155557,0,0,0,1,5,2,0,1,1,2,12,9502.441266054895,11086.52017840834
27140137,용수동,대구광역시,동구,공산동,2202071,6488.0,5192.0,181.0,1115.0,13.14,1,0,248.1,19.35,177355.102,129200,35.9911263,128.6909125,2759.199096,3232.315876,3610.8093,3293.540603,8205.025004,9777.682528,3,0,0,0,9,3,8,2,2,43,70,12110.162036826396,13301.917074116576
27140138,신무동,대구광역시,동구,공산동,2202071,6488.0,5192.0,181.0,1115.0,13.14,0,0,248.1,19.35,109078.6364,85650,35.9975,128.6677,4214.770525,4214.770525,4283.606096,4733.727441,8563.927614,9744.714636,0,1,0,0,0,0,0,0,0,7,8,12887.99954239079,13203.027131217801
27140139,미대동,대구광역시,동구,공산동,2202071,6488.0,5192.0,181.0,1115.0,13.14,0,0,248.1,19.35,146760.3571,96550,35.9547846,128.66985,2012.515857,2012.515857,2100.309784,2517.846034,5792.903345,6642.629803,0,0,0,0,5,0,1,0,4,1,11,9304.584883555444,10256.751964270909
27140140,내동,대구광역시,동구,공산동,2202071,6488.0,5192.0,181.0,1115.0,13.14,0,0,248.1,19.35,123000.8696,86600,35.966,128.657,2552.67447,2615.713248,2790.413682,3584.848967,6450.776951,7254.71131,0,0,0,0,0,0,0,0,0,0,0,10723.356049660832,10858.671811541652
27140141,신용동,대구광역시,동구,공산동,2202071,6488.0,5192.0,181.0,1115.0,13.14,0,0,248.1,19.35,140112.1875,128400,35.9849,128.6508,2172.746122,2172.746122,3146.368292,4847.347604,7920.800825,8754.527551,0,1,0,0,0,1,0,0,0,3,5,10898.426734292942,11965.25153454424
27140142,중대동,대구광역시,동구,공산동,2202071,6488.0,5192.0,181.0,1115.0,13.14,1,0,248.1,19.35,265729.5652,257150,35.9874,128.6344,1417.472305,1417.472305,2895.500022,6273.073746,7870.613239,8738.13435,5,2,0,2,11,1,9,3,1,64,98,9719.764815537967,11617.275728552664
27140143,송정동,대구광역시,동구,공산동,2202071,6488.0,5192.0,181.0,1115.0,13.14,0,0,248.1,19.35,246434.5714,206400,35.9939513,128.625075,2129.977071,2129.977071,3605.136391,7356.827555,8278.699,9225.770446,0,0,0,0,1,2,0,0,0,41,44,9423.20454594388,11532.078353136545
27140144,덕곡동,대구광역시,동구,공산동,2202071,6488.0,5192.0,181.0,1115.0,13.14,1,1,248.1,19.35,171026.7647,123500,35.9897,128.6111,2340.389891,2340.389891,3541.865436,6815.617215,7932.845108,8681.433889,1,1,0,0,5,0,0,1,0,26,34,8141.259023119186,10370.557134815715
27140145,지묘동,대구광역시,동구,공산동,2202071,6488.0,5192.0,181.0,1115.0,13.14,4,0,248.1,19.35,605390.8,534050,35.9523,128.6415,888.7802334,1857.339739,2211.948415,5063.239727,5699.361168,6019.043316,12,14,5,18,72,40,7,1,13,100,282,9075.229877820842,9803.135053014874
27170101,내당동,대구광역시,서구,내당동,2203051,8089.0,6807.0,437.5,844.0,50.03,3,0,18708.02,64.72,1482649.468,1204000,35.8606231,128.5607411,360.2643334,828.5692924,930.6355433,754.2039627,816.7880469,1064.954899,95,47,16,71,444,256,17,50,61,531,1588,3521.1900748468097,3681.281272755958
27170102,비산동,대구광역시,서구,비산동,2203054,12772.2,10478.2,654.2,1640.2,39.438,5,0,10560.5,53.874,1089386.154,968500,35.8811924,128.5689458,393.1187212,680.6617208,816.6891468,924.4969064,1270.296966,1825.706194,111,25,13,68,663,366,44,61,92,884,2327,2355.9859380040634,3035.5124565066044
27170103,평리동,대구광역시,서구,평리동,2203060,6963.8,5605.6,313.2,1045.2,60.174,14,1,14336.94,72.25,1065185.028,965050,35.8756068,128.5632042,1181.085167,1389.829288,1431.578112,983.3653115,1452.417805,1644.097998,129,64,31,97,557,358,40,88,105,830,2299,2264.711791365433,3076.13591902967
27170104,상리동,대구광역시,서구,상중이동,2203066,21527.0,15375.0,391.0,5761.0,38.82,1,0,538.247012,48.5,322587.377,209700,35.8767,128.5261,1039.570887,1039.570887,1039.570887,1038.734436,1501.130471,1772.975324,6,0,0,0,20,19,0,7,0,9,61,2233.365837400317,3554.1461681532146
27170105,중리동,대구광역시,서구,상중이동,2203066,21527.0,15375.0,391.0,5761.0,38.82,4,2,7520.930233,48.5,1132702.5,1141500,35.8629154,128.5390125,200.5840071,321.9807844,501.5291976,114.4848871,565.2876396,977.6412631,82,21,5,26,231,94,3,54,28,181,725,3017.1402110284716,3954.095771307243
27170106,이현동,대구광역시,서구,상중이동,2203066,21527.0,15375.0,391.0,5761.0,38.82,8,3,181.8627451,48.5,1126693.75,1255000,35.87589,128.539575,349.0011036,349.0011036,349.0011036,349.5955663,726.8428229,998.6767494,31,4,0,10,88,94,0,31,6,56,320,1605.4891717795408,3653.4731968863553
27170107,원대동1가,대구광역시,서구,원대동,2203068,8416.0,7047.0,386.0,984.0,45.82,1,0,16000,65.58,991616.129,916900,35.8816154,128.5768,132.9707129,440.9892953,658.5891988,818.1157077,1556.218782,2038.443267,11,2,0,8,45,22,0,1,2,42,133,3005.2785350245485,3092.583706000014
27170108,원대동2가,대구광역시,서구,원대동,2203068,8416.0,7047.0,386.0,984.0,45.82,0,0,16000,65.58,1259762.5,1136500,35.8842321,128.580025,280.9240674,505.7503437,643.4066762,743.1342282,1464.792989,2007.346104,11,2,0,0,10,7,0,2,1,24,57,3180.2423151018716,3198.929839052792
27170109,원대동3가,대구광역시,서구,원대동,2203068,8416.0,7047.0,386.0,984.0,45.82,0,0,16000,65.58,1085488.372,893100,35.8857237,128.5756375,355.6377595,400.0860289,496.9445543,357.8958173,1206.490901,1882.333355,8,6,2,9,62,26,3,9,7,81,213,2798.840049427253,3184.7240639917436
27200101,이천동,대구광역시,남구,이천동,2204051,8397.0,7235.0,229.0,933.0,62.22,1,1,11698.16514,72.46,1441220.588,1383000,35.8537107,128.5994252,461.967204,551.3193964,650.5864047,969.5835486,1405.221634,1731.340945,57,27,3,14,116,67,1,19,18,121,443,1048.8056443054932,3062.912077207519
27200102,봉덕동,대구광역시,남구,봉덕동,2204053,7484.0,6468.0,197.0,819.5,39.375,2,0,5973.76,53.54,1293194.913,1193000,35.8452942,128.5964368,75.99637484,454.6299481,638.6948106,1636.433648,1865.418653,2149.223933,187,65,13,81,482,277,15,77,64,565,1826,2020.2859380133268,3731.0686979483144
27200103,대명동,대구광역시,남구,대명동,2204056,10275.625,8814.75,444.25,1016.625,41.31625,13,1,9129.01,54.3725,1393150.795,1215000,35.8417466,128.5735554,88.42657821,317.4360746,500.4281818,1289.960275,1724.11018,2086.420424,658,172,46,190,1422,765,43,232,166,1818,5512,3542.5403487467743,4725.505092573112
27230101,칠성동1가,대구광역시,북구,칠성동,2205052,7621.0,6437.0,278.0,907.0,53.23,0,0,3076,67.23,2535764.179,1863000,35.875665,128.605012,290.8770885,361.2331882,547.962714,426.6586681,907.5811822,1243.976751,2,2,1,4,169,4,2,1,5,73,263,1453.344439886128,3297.990587883376
27230102,칠성동2가,대구광역시,북구,칠성동,2205052,7621.0,6437.0,278.0,907.0,53.23,1,1,19291.66667,67.23,1592799.083,1295000,35.880515,128.596325,468.6775869,570.9599836,617.9539974,1377.62131,1753.816461,1947.273805,66,34,3,16,467,92,7,24,34,272,1015,2077.1445449339562,3409.801880511245
27230103,고성동1가,대구광역시,북구,고성동,2205051,6967.0,5665.0,365.0,937.0,36.49,0,0,33807.69231,54.54,870800.0,870800,35.8788133,128.5852093,475.4281211,556.8727673,624.0150916,1497.044546,1989.077662,2169.055309,2,1,0,2,3,3,0,0,0,4,15,2419.8486280653988,3121.624788499231
27230104,고성동2가,대구광역시,북구,고성동,2205051,6967.0,5665.0,365.0,937.0,36.49,0,0,13027.27273,54.54,1537095.238,1449000,35.8803654,128.582875,490.2408823,637.9739962,752.8143377,1227.310052,1886.041417,2138.784412,4,4,0,18,30,26,3,1,5,61,152,2689.309005580158,3129.8571919345763
27230105,고성동3가,대구광역시,북구,고성동,2205051,6967.0,5665.0,365.0,937.0,36.49,0,0,12237.5,54.54,1553191.304,1448000,35.8825737,128.5854625,421.1609183,625.6375553,731.5380507,1249.421154,1824.73839,2080.231621,13,2,0,3,27,16,0,4,19,145,229,2729.91452111261,3232.683398309256
27230106,침산동,대구광역시,북구,침산동,2205055,10784.5,9043.0,319.0,1422.5,68.545,6,1,12441.64,80.015,1282229.63,1209000,35.8903321,128.581175,122.0243916,604.2528672,756.8454514,699.7623229,1206.597126,1855.845189,78,143,24,28,253,155,0,28,62,387,1158,3265.212198734052,3462.185991348418
27230107,노원동1가,대구광역시,북구,노원동,2205081,8731.0,7020.0,300.0,1412.0,73.35,1,0,9283.870968,81.57,1472489.744,1387000,35.8890571,128.5798375,82.46149382,484.8407196,674.4500283,553.4621465,1182.180022,1908.198126,55,6,0,6,36,25,1,10,13,122,274,3144.3569465006567,3377.41353177946
27230108,노원동2가,대구광역시,북구,노원동,2205081,8731.0,7020.0,300.0,1412.0,73.35,1,0,9535.897436,81.57,1394567.273,1260000,35.8911154,128.5737,321.3743736,452.4891409,542.5833531,284.1047035,962.0877894,1807.815843,12,1,3,8,54,32,4,10,11,105,240,2594.4514528373993,3363.1074284686724
27230109,노원동3가,대구광역시,북구,노원동,2205081,8731.0,7020.0,300.0,1412.0,73.35,6,1,2017.030568,81.57,1602972.941,1434000,35.8964,128.5674,413.4128909,560.1701257,715.5210519,671.2009545,1244.258826,2013.88511,38,6,4,28,174,95,5,21,12,164,547,2154.3599374133155,3550.6981522926194
27230110,대현동,대구광역시,북구,대현동,2205084,8285.0,7167.0,316.0,802.0,37.62,2,0,13222.13115,52.57,1239112.727,1055500,35.8821691,128.6058227,228.2978244,370.0946968,514.8471035,1015.190114,1545.30189,1708.073237,47,23,7,32,152,92,12,39,32,292,728,2178.6878766861023,3814.351096997416
27230111,산격동,대구광역시,북구,산격동,2205061,9583.0,7723.0,391.3333333,1468.0,48.57333333,12,2,7588.4,62.28333333,1362596.186,1152000,35.9003822,128.5969732,218.5324346,224.1794911,271.4746591,762.1252703,1061.938899,1545.580787,221,60,18,50,1006,295,21,115,96,851,2733,4224.198784066402,4531.542751298521
27230112,복현동,대구광역시,북구,복현동,2205065,6364.0,5189.0,312.0,864.0,45.35,4,1,16968,63.64,1441558.696,1326500,35.893749,128.61855,72.74697306,352.192417,489.9801019,350.1193869,713.2425934,1227.916698,52,53,9,42,190,132,25,15,73,401,992,3718.6854102440907,4609.012954590754
27230113,검단동,대구광역시,북구,검단동,2205070,11282.0,7272.0,226.0,3784.0,29.14,0,0,1534.908136,36.22,980067.1233,1008000,35.9134304,128.6272026,1183.760638,1357.123798,1493.628966,1971.570845,2130.074503,2281.460438,14,3,1,11,47,30,0,7,2,60,175,6036.901304611133,6534.239948338063
27230114,동변동,대구광역시,북구,무태조야동,2205071,13692.0,10226.0,346.0,3120.0,29.4,0,0,3025,38.96,617406.4516,711800,35.921725,128.60605,1019.634343,1076.075083,1317.26184,1232.571848,2134.684574,2657.958289,23,11,0,5,59,40,0,8,21,84,251,6274.79963070126,6416.361717107682
27230115,서변동,대구광역시,북구,무태조야동,2205071,13692.0,10226.0,346.0,3120.0,29.4,3,1,1731.216216,38.96,682517.2464,670000,35.9256,128.5922,673.7509592,989.7589977,1522.633874,1653.240108,2525.131818,3154.429255,61,24,2,25,142,67,0,20,29,165,535,4955.292830653306,5394.69636993172
27230116,조야동,대구광역시,북구,무태조야동,2205071,13692.0,10226.0,346.0,3120.0,29.4,0,0,332.2580645,38.96,345162.381,355000,35.9162154,128.5759,1896.913943,1929.143364,1946.317672,1967.62799,2281.73404,2584.081317,0,0,0,0,9,4,0,1,1,13,28,4055.875580102839,4170.696670777814
27230117,노곡동,대구광역시,북구,관문동,2205075,15570.0,11157.0,344.0,4069.0,40.23,0,0,"2,490",48.15,300085.3846,354650,35.9109,128.5604,1037.512789,1059.633778,1217.733016,1629.883063,1926.681839,2256.574615,3,0,0,1,8,2,0,0,1,10,25,2734.9100506652526,3335.9066544818143
27230118,읍내동,대구광역시,북구,읍내동,2205076,9190.0,6875.0,305.0,2010.0,58.73,5,1,4333.274956,66.23,920785.7303,844200,35.9459392,128.5505356,397.3793862,467.0726895,601.8912121,516.5084145,2180.689186,3639.043297,50,26,12,38,255,164,0,20,27,309,901,875.2893063561677,3569.6144337485352
27230119,동호동,대구광역시,북구,국우동,2205083,6971.0,5585.0,327.0,1059.0,16.96,0,0,45.98930481,25.43,310167.1429,341700,35.9662,128.5667,884.8621822,1445.339455,1666.273083,2163.276866,4444.576788,5490.321736,1,1,1,0,5,2,0,1,0,5,16,3437.2830612729076,6075.9881522411215
27230120,학정동,대구광역시,북구,국우동,2205083,6971.0,5585.0,327.0,1059.0,16.96,3,0,3833.031674,25.43,914130.8571,803700,35.9538096,128.5667625,398.2095388,452.9343649,690.4985503,1268.851868,3313.949217,4308.416915,22,33,5,23,115,94,0,5,14,174,485,2573.9994308226783,4978.4824259281495
27230121,도남동,대구광역시,북구,국우동,2205083,6971.0,5585.0,327.0,1059.0,16.96,0,0,307.9136691,25.43,345895.4545,175900,35.9706,128.5911,2630.711407,2815.051106,3009.197352,4092.985437,5842.008196,6491.270848,0,1,0,0,3,0,0,2,0,2,8,5422.044734864818,7659.2691453754205
27230122,국우동,대구광역시,북구,국우동,2205083,6971.0,5585.0,327.0,1059.0,16.96,1,0,1776.323444,25.43,729054.0,852800,35.9480472,128.5754022,252.5206508,475.9134539,754.4338482,1982.528382,3497.093824,4062.516067,19,22,5,9,67,44,0,7,13,119,305,3104.530196448392,5069.517470694563
27230123,구암동,대구광역시,북구,구암동,2205079,4495.0,3637.0,191.0,667.0,40.26,2,0,7313.151927,56.45,979369.661,991300,35.9389029,128.5659662,436.4210027,667.9793235,892.1009941,1656.565931,2506.104321,3273.859297,47,45,8,17,207,150,0,27,51,392,944,2244.9352019309586,4013.102643195877
27230124,동천동,대구광역시,북구,동천동,2205082,4368.0,3446.0,218.0,703.0,45.33,2,0,23239.28571,62.4,2095380.952,2040000,35.9372162,128.5580729,480.787018,721.9568954,958.4614455,1465.255534,2055.419765,3128.381348,33,113,34,20,271,145,11,19,115,492,1253,1616.7817788773718,3511.481593939065
27230125,관음동,대구광역시,북구,관음동,2205077,9900.0,7705.0,378.0,1817.0,36.46,1,0,4957.666667,47.42,741081.1864,673500,35.9442595,128.5472493,391.8123796,519.8497542,637.1753295,845.1485933,2139.223408,3505.170848,26,18,4,10,136,112,5,19,25,179,534,533.12154897329,3297.1066130977133
27230126,태전동,대구광역시,북구,태전동,2205074,7840.0,6133.0,295.0,1412.0,41.93,7,1,10428.8,50.33,1136866.122,1059500,35.9240581,128.5431895,304.5050841,337.6008233,586.2396022,514.7021128,1390.372889,2182.509019,96,55,13,63,405,286,11,52,95,561,1637,2096.6949855094267,2958.260189028709
27230127,매천동,대구광역시,북구,관문동,2205075,15570.0,11157.0,344.0,4069.0,40.23,3,2,5002.42915,48.15,809652.5714,741900,35.9123,128.5377,424.6030212,621.9016013,789.2236607,771.5019617,1322.443425,1881.068749,6,11,0,6,68,37,0,5,15,89,237,2597.0836308232692,3005.6883848362722
27230128,팔달동,대구광역시,북구,관문동,2205075,15570.0,11157.0,344.0,4069.0,40.23,2,0,"2,490",48.15,668491.0345,625900,35.8984404,128.540475,653.0122572,819.10359,976.7814324,1438.942059,1698.310294,1938.870841,3,2,0,4,27,13,0,6,0,16,71,1056.70997410985,2995.9198008178314
27230129,금호동,대구광역시,북구,관문동,2205075,15570.0,11157.0,344.0,4069.0,40.23,3,2,187.5,48.15,399348.5714,224700,35.9044,128.5257,977.0673982,1094.734908,1306.245786,747.2108322,1207.421035,1852.139516,8,4,0,3,34,10,4,5,3,19,90,2390.7586558804946,3448.769938142691
27230130,사수동,대구광역시,북구,관문동,2205075,15570.0,11157.0,344.0,4069.0,40.23,0,0,6620.614035,48.15,819453.3333,959700,35.9015,128.5131,960.590934,1436.195462,1862.588034,1115.970167,1810.344021,2492.562243,31,34,2,6,76,43,0,4,15,132,343,3166.956188364272,4215.827837345625
27230131,연경동,대구광역시,북구,무태조야동,2205071,13692.0,10226.0,346.0,3120.0,29.4,1,0,1045.957918,38.96,613564.7368,172100,35.9606,128.6126,2110.696155,2200.980057,2441.529235,5458.216199,5918.777118,6344.477932,11,45,10,23,52,34,0,1,20,117,313,6701.363946170337,8329.342502146394
27260101,범어동,대구광역시,수성구,범어동,2206051,7737.666667,6510.0,372.3333333,856.3333333,40.57333333,12,1,18349.35,61.10666667,3241539.111,2522000,35.8555656,128.6220352,631.2799331,994.0873701,1172.663818,723.7802602,1222.830952,1458.982112,724,484,75,236,502,346,12,87,150,1089,3705,1874.223106674562,2455.423173992716
27260102,만촌동,대구광역시,수성구,만촌동,2206055,11226.0,9276.5,604.0,1345.0,69.405,24,1,8299.84,76.35,2216154.338,1610000,35.8663111,128.6399664,255.1815514,339.3886535,373.4424679,112.8103024,857.4928379,1195.33493,220,216,26,91,482,292,7,73,78,515,2000,1933.3843575281203,2639.46868781131
27260103,수성동1가,대구광역시,수성구,수성1가동,2206058,8397.0,7225.0,305.0,867.0,31.06,0,0,"29,950",52.99,2685234.783,2428000,35.855,128.611,623.4660592,772.8243363,875.6513593,916.9371917,1204.871941,1432.407905,43,63,14,37,138,104,0,17,24,143,583,1103.2122012053114,2567.261072202422
27260104,수성동2가,대구광역시,수성구,수성2·3가동,2206059,6313.0,5367.0,254.0,693.0,46.62,0,0,"18,151",65.4,2699285.714,2327500,35.8548321,128.6151,929.0824373,957.2441956,1017.185664,1198.21854,1323.502479,1432.88608,26,27,14,12,96,44,0,9,12,137,377,1381.346455244182,2521.043948260527
27260105,수성동3가,대구광역시,수성구,수성2·3가동,2206059,6313.0,5367.0,254.0,693.0,46.62,0,0,"18,151",65.4,3231846.154,2704500,35.8548528,128.618988,717.1755194,1005.915712,1120.189507,989.3614752,1326.628815,1461.016284,28,38,8,17,70,51,0,6,20,70,308,1668.0844471290422,2488.843751340161
27260106,수성동4가,대구광역시,수성구,수성4가동,2206060,7792.0,6740.0,258.0,794.0,28.74,0,0,"21,206",49.08,3058727.273,2570000,35.8635904,128.615825,1145.424429,1243.247965,1295.360171,580.6455199,899.0149976,991.2426673,40,50,19,26,104,76,0,9,37,215,576,1145.1871251152804,2440.4547898231513
27260107,황금동,대구광역시,수성구,황금동,2206061,14006.0,11905.0,562.0,1540.0,31.35,6,0,9167.79,52.33,2016826.437,1635000,35.8439571,128.63815,1165.582009,1198.452069,1257.90342,441.9125468,1632.988407,2017.982685,127,111,17,65,238,198,12,35,53,385,1241,1960.0719123997876,2868.8043773132945
27260108,중동,대구광역시,수성구,중동,2206063,10859.0,9211.0,366.0,1282.0,41.48,4,2,15665.93407,62.58,2108845.349,1734000,35.847374,128.6150346,434.4413553,545.0716329,660.5210739,1104.359897,1581.283987,1774.468547,106,31,13,31,164,126,5,39,31,180,726,2004.0059141292347,2876.600184796552
27260109,상동,대구광역시,수성구,상동,2206064,9313.0,7940.0,390.0,983.0,56.14,10,1,11048.87218,69.59,1818961.446,1635000,35.8321069,128.6154039,228.4524364,362.3548553,546.7071387,696.4604799,1164.494602,2035.233291,131,58,1,52,210,171,6,35,33,232,929,3563.817752508596,3980.6215091518825
27260110,파동,대구광역시,수성구,파동,2206065,11106.0,8248.0,325.0,2533.0,12.46,6,0,2595.532646,14.41,1479881.25,1186500,35.8154478,128.6151312,259.3567715,435.9768819,792.1501218,1701.382494,2374.933655,3109.351425,21,15,7,11,62,44,0,16,12,95,283,5347.190763341623,5506.128119105695
27260111,두산동,대구광역시,수성구,두산동,2206066,9770.0,8295.0,403.0,1073.0,32.88,4,0,7247.715736,51.55,3882605.538,2066000,35.8295333,128.6207125,481.8222233,624.2075049,744.3282078,1133.941692,1393.271552,2287.830593,111,50,2,61,247,166,20,41,68,621,1387,4000.6773775072916,4096.679003186225
27260112,지산동,대구광역시,수성구,지산동,2206067,5117.0,4098.0,231.0,788.0,26.85,10,0,8459.22,35.83,1886249.533,1711000,35.8249585,128.6370457,565.1223606,715.0842378,978.35732,1702.653391,2345.278802,2963.978314,192,129,31,70,426,330,2,67,106,585,1938,3675.6112617934555,4428.185107606367
27260113,범물동,대구광역시,수성구,범물동,2206069,4383.0,3563.0,162.0,657.0,51.45,2,0,3556.24,67.26,1119397.143,1054000,35.8177917,128.6459625,624.4803175,869.4287931,1434.81823,2646.315814,3218.234793,3677.468771,56,52,12,23,256,85,1,27,27,197,736,4157.859228711251,5229.34737272568
27260114,시지동,대구광역시,수성구,고산2동,2206072,10950.0,8865.0,362.0,1723.0,36.79,2,0,"1,085",43.33,2362518.75,1990000,35.84324,128.69265,60.28638495,766.3017682,1230.388888,4389.79305,4628.730391,4972.745191,50,45,7,43,142,85,1,19,31,182,605,3567.774546019677,4731.001970323173
27260115,매호동,대구광역시,수성구,고산3동,2206073,5256.0,4126.0,213.0,917.0,48.79,0,0,"5,140",56.07,1057758.696,407750,35.8507571,128.708675,1208.437772,1384.973778,1552.944844,2791.993414,3446.488963,4545.562903,24,55,2,18,98,76,0,12,16,186,487,4437.11211863811,4623.291791956966
27260116,성동,대구광역시,수성구,고산3동,2206073,5256.0,4126.0,213.0,917.0,48.79,0,0,"2,645",56.07,279277.4194,221300,35.8499321,128.7208125,1466.189147,1527.117,1795.095692,2363.057825,2897.02711,4619.742671,0,0,0,1,0,1,0,0,0,2,4,4169.622853159307,5039.666511833788
27260117,사월동,대구광역시,수성구,고산3동,2206073,5256.0,4126.0,213.0,917.0,48.79,2,0,"7,936",56.07,1369068.182,926600,35.8394,128.7193,335.196067,555.1583523,1178.443257,3529.497759,3998.917778,5377.980108,9,9,0,10,26,20,0,5,16,38,133,5342.77554819959,5665.99131636182
27260118,신매동,대구광역시,수성구,고산1동,2206071,6862.0,5597.0,362.0,903.0,67.93,4,0,"7,936",78.2,2661754.762,1989000,35.8353571,128.7121375,470.4066033,559.9595206,993.425326,4144.643229,4659.83462,5621.833777,33,129,25,26,246,142,0,9,60,387,1057,5526.655121299374,5727.2998193952435
27260119,욱수동,대구광역시,수성구,고산1동,2206071,6862.0,5597.0,362.0,903.0,67.93,0,0,"2,570",78.2,535012.1212,42100,35.812333,128.70285,2999.769005,3043.416402,3192.354586,6771.105798,6812.128676,7164.491582,6,10,3,4,18,16,1,4,10,45,117,6326.497304231334,7470.962164521403
27260120,노변동,대구광역시,수성구,고산2동,2206072,10950.0,8865.0,362.0,1723.0,36.79,2,0,"2,545",43.33,2177257.143,2117000,35.831175,128.6961,1219.567623,1374.552814,1650.611424,5219.770215,5313.829155,5840.580013,4,11,2,1,25,14,0,0,4,35,96,4475.40049992816,5681.808270940854
27260122,삼덕동,대구광역시,수성구,고산2동,2206072,10950.0,8865.0,362.0,1723.0,36.79,0,0,10503.125,43.33,657278.125,452100,35.8282,128.6675,2026.431353,2303.241632,2500.483201,3126.618983,4367.40059,4718.418722,6,3,0,0,4,2,0,2,1,5,23,3101.8184947689306,5027.8040207531885
27260123,연호동,대구광역시,수성구,고산2동,2206072,10950.0,8865.0,362.0,1723.0,36.79,2,0,"2,654",43.33,1327894.286,1101000,35.8418737,128.6767125,388.8825916,1307.63562,1704.658367,3660.506406,4289.516515,4618.148706,2,3,0,4,15,4,0,3,0,16,47,2360.1272267408685,4645.592764267078
27260124,이천동,대구광역시,수성구,고산2동,2206072,10950.0,8865.0,362.0,1723.0,36.79,0,0,"2,381",43.33,657128.0,651500,35.8434,128.6604,978.753763,1130.062718,1272.043983,2209.637762,2957.184672,3451.374563,3,0,0,0,4,1,0,1,1,9,19,1297.637737984423,3444.3812114766724
27260125,고모동,대구광역시,수성구,고산2동,2206072,10950.0,8865.0,362.0,1723.0,36.79,0,0,771,43.33,384146.4286,195300,35.8635321,128.6719375,1537.934945,1744.934424,1811.139183,2577.467919,2942.530829,3377.038079,2,0,0,0,8,1,0,5,1,7,24,1786.4220039092315,3818.3163469887522
27260126,가천동,대구광역시,수성구,고산2동,2206072,10950.0,8865.0,362.0,1723.0,36.79,0,0,899,43.33,439247.3684,327500,35.8516821,128.6861625,1064.069157,1322.624525,1672.227332,4310.356542,4330.491868,4451.430815,5,2,0,1,3,1,0,4,1,7,24,2775.3750393613036,4166.297261914882
27260127,대흥동,대구광역시,수성구,고산2동,2206072,10950.0,8865.0,362.0,1723.0,36.79,0,0,"1,323",43.33,2387833.333,2239500,35.8252083,128.68445,2125.40498,2270.349214,2553.081368,4666.158836,5712.292514,5976.644625,60,11,1,10,34,4,3,8,11,38,180,4158.714594757671,6067.531228725403
27290101,성당동,대구광역시,달서구,성당동,2207075,5760.0,4679.0,301.0,780.0,45.02,3,1,10784.42211,58.74,1336746.018,1165000,35.8405861,128.5530987,369.5422252,608.102582,799.2994608,585.4350126,1155.752348,1345.47251,80,37,5,40,249,179,15,36,41,322,1004,5145.351288598627,5319.776198663319
27290102,두류동,대구광역시,달서구,두류동,2207055,11644.0,9968.0,603.0,1073.0,56.58,0,0,"9,599.59",70.29,1627209.259,1303000,35.8541,128.5617,558.2878928,872.8669267,1034.062746,214.8452858,525.9844302,1032.962399,204,48,18,57,366,196,11,99,72,535,1606,3866.5195298576177,4045.1709058403876
27290104,파호동,대구광역시,달서구,신당동,2207061,6664.0,5099.0,275.0,1290.0,50.5,0,0,800,63.22,1195253.333,958600,35.8455487,128.4745125,1652.314852,1747.2067,1863.09776,1044.780913,2793.328912,3470.319415,9,8,0,3,17,23,0,2,8,57,127,1423.364864047241,4727.574075983347
27290105,호림동,대구광역시,달서구,신당동,2207061,6664.0,5099.0,275.0,1290.0,50.5,1,0,"2,645",63.22,1481150.0,1501500,35.8347,128.4789,1105.944205,1532.760425,1871.341842,2308.951732,2796.635676,3188.985596,7,2,1,8,196,32,19,3,7,93,368,1442.7804990426628,4989.238259946969
27290106,갈산동,대구광역시,달서구,신당동,2207061,6664.0,5099.0,275.0,1290.0,50.5,0,1,"2,381",63.22,851686.9565,876100,35.8421904,128.4994625,758.4838895,954.7450088,1027.74603,1149.137349,2004.072374,2212.021588,34,1,0,10,29,10,0,11,1,54,150,863.9054154150074,3773.9863510418513
27290107,신당동,대구광역시,달서구,신당동,2207061,6664.0,5099.0,275.0,1290.0,50.5,4,0,3120.641711,63.22,1601964.912,1476000,35.8589654,128.4988125,635.6246698,824.6426782,911.117045,1784.999039,2656.079047,2995.767944,116,19,3,61,301,151,9,36,59,509,1264,1842.4906158818521,3614.5340225582777
27290108,이곡동,대구광역시,달서구,이곡동,2207060,7171.0,5691.0,299.0,1181.0,60.73,2,1,"2,116",72.39,1811225.283,1433000,35.851657,128.510638,367.2745609,484.548887,805.5307575,588.3822109,1649.526534,1937.124214,92,90,21,37,276,173,13,51,122,535,1410,2040.1223064736791,3638.5488605076407
27290109,장동,대구광역시,달서구,장기동,2207059,9214.0,7245.0,306.0,1662.0,56.79,3,1,"1,852",69.23,932322.2222,941300,35.840849,128.512387,378.3368825,555.1590015,689.1918809,623.2340503,1113.755596,1318.82799,25,0,0,5,23,49,0,7,0,20,129,2038.5470444204427,4102.444791401777
27290110,장기동,대구광역시,달서구,장기동,2207059,9214.0,7245.0,306.0,1662.0,56.79,1,0,5059.807074,69.23,1568530.612,1518000,35.843407,128.5299,606.6443976,674.7477837,711.1157025,646.6773198,725.9846374,745.0436777,52,44,4,32,126,124,1,17,38,237,675,3592.185042596645,4451.644309653162
27290111,용산동,대구광역시,달서구,용산동,2207072,9864.0,7772.0,287.0,1805.0,61.64,2,0,"3,175",74.15,1489500.333,1254000,35.8566805,128.5311689,244.537829,466.9721019,647.2112546,965.2700754,1373.218356,1632.595638,117,42,12,24,351,187,0,54,91,464,1342,3867.633033215966,3917.170480351763
27290112,죽전동,대구광역시,달서구,죽전동,2207058,13081.0,10666.0,715.0,1700.0,64.37,2,0,19385.13514,78.0,1691500.0,1402500,35.85779,128.539013,200.889095,362.9951782,507.5352559,633.5156379,1076.631021,1212.552384,65,21,18,17,130,104,4,31,32,152,574,3578.024294317327,4126.320993201092
27290113,감삼동,대구광역시,달서구,감삼동,2207057,13246.0,11026.0,628.0,1592.0,69.08,2,2,25261.86441,78.36,1844593.939,1426500,35.8515466,128.5502823,730.8010023,842.3396051,1000.30371,632.1667828,785.0741393,1081.344023,126,64,31,73,364,261,7,52,57,506,1541,4256.018701789742,4595.974415021003
27290114,본리동,대구광역시,달서구,본리동,2207056,8450.0,6973.0,347.0,1130.0,46.29,5,1,18329.3578,65.95,1673238.776,1438000,35.8409942,128.5431592,541.8437874,576.4507144,640.3889865,611.9037739,924.4032834,1162.593988,40,22,8,38,152,81,9,22,46,237,655,4800.732379100526,5101.8025102796655
27290115,상인동,대구광역시,달서구,상인동,2207065,7601.0,6281.5,303.0,1016.0,33.605,5,1,"10,876.88",45.755,1736725.76,1375000,35.8142587,128.5449581,145.3177417,430.2250271,552.133105,1751.207916,2506.277734,2709.064966,123,154,35,49,627,327,3,45,145,883,2391,5947.600157727386,6732.67778058417
27290116,도원동,대구광역시,달서구,도원동,2207068,10579.0,7887.0,325.0,2367.0,20.45,1,0,3068.450704,30.33,842990.5909,194600,35.8074544,128.5321772,528.3078892,734.4028412,942.5330874,2565.293119,2717.650816,2955.117832,20,37,7,17,132,81,0,7,49,238,588,5550.741162414909,7210.537700156794
27290117,진천동,대구광역시,달서구,진천동,2207064,7581.0,6187.0,340.0,1054.0,49.87,3,0,9715.264188,67.16,1980659.341,1524000,35.8122129,128.5228173,280.8771467,392.703711,487.7525997,1609.134031,2078.280346,2353.845936,59,69,18,59,298,221,2,32,52,450,1260,4594.028737235217,6709.340745112733
27290118,유천동,대구광역시,달서구,월성1동,2207062,6685.0,5388.0,314.0,983.0,54.86,3,0,26760.8,73.15,2148446.667,2365000,35.8155,128.5132,251.3817697,314.087087,443.0485185,918.0139658,1505.1682,1972.290505,9,60,2,6,62,48,0,1,18,74,280,3780.7837560668186,6248.664413171611
27290119,대천동,대구광역시,달서구,월성2동,2207063,9690.0,7000.0,232.0,2457.0,34.02,3,1,"1,323",48.14,1703481.25,1713500,35.825275,128.4938625,1130.926953,1343.568111,1479.947122,1190.335823,1885.38994,2424.677449,32,88,10,15,117,68,0,5,26,145,506,2097.4844309379305,5302.994869917902
27290120,월성동,대구광역시,달서구,월성1동,2207062,6685.0,5388.0,314.0,983.0,54.86,3,1,"3,704",73.15,2055009.524,1992000,35.8195561,128.5228806,127.5292334,310.7132203,536.9903146,1082.769789,1601.094575,1744.847562,68,161,26,41,270,203,0,23,102,425,1319,4008.2995263849293,6020.095924325822
27290121,월암동,대구광역시,달서구,월성2동,2207063,9690.0,7000.0,232.0,2457.0,34.02,4,1,"1,058",48.14,1179983.333,905350,35.82875,128.5105625,533.9781635,603.1063732,710.6679755,568.0094373,1213.105038,1413.93038,21,2,0,7,36,26,2,16,2,54,166,2498.45267869716,4969.7237317204945
27290122,송현동,대구광역시,달서구,송현동,2207069,9169.0,7706.0,464.0,999.0,54.86,4,0,"4,233",67.56,1531549.005,1348000,35.829258,128.5547037,484.2128303,552.0356588,687.0380927,916.9911486,1416.729688,1825.384147,133,56,12,63,425,338,3,80,80,513,1703,5737.612335691297,5896.842629807999
27290123,대곡동,대구광역시,달서구,진천동,2207064,7581.0,6187.0,340.0,1054.0,49.87,3,0,"1,587",67.16,1345916.6,1382500,35.7986,128.528775,591.0221621,1159.013942,1396.748462,3135.867767,3360.493099,3720.375925,44,33,4,32,97,100,1,19,32,231,593,6122.876317030121,7953.422720193166
27290124,본동,대구광역시,달서구,본동,2207071,9651.0,8139.0,382.0,1130.0,34.17,3,0,10961.81818,53.16,1238582.979,1124000,35.8344571,128.5410375,271.6099798,322.4429601,433.5500912,586.4814652,790.3375591,1005.890861,46,9,2,30,105,82,4,26,26,170,500,4716.856097704841,5426.498559319989
27290125,호산동,대구광역시,달서구,신당동,2207061,6664.0,5099.0,275.0,1290.0,50.5,1,0,"1,323",63.22,1656422.222,1553000,35.8537,128.4823,996.0006625,1112.781415,1307.681993,1133.301959,2710.783011,3390.443675,24,7,2,24,91,56,32,17,42,281,576,1294.611398236537,4111.673280064574
27710250,화원읍,대구광역시,달성군,화원읍,2231011,7258.0,5371.0,218.0,1670.0,33.7,15,0,1662.138728,42.71,800232.521,593600,35.8038056,128.5005278,551.5114254,814.0666928,935.6625751,1593.842306,2804.844337,3431.136435,62,55,15,52,417,221,3,45,74,451,1395,4550.351401775689,7445.045211684377
27710253,논공읍,대구광역시,달성군,논공읍,2231012,6129.0,4180.0,203.0,1747.0,32.45,22,4,364.2661805,38.49,311333.6986,257100,35.7743052,128.4199139,173.3927935,715.0512311,1093.252145,672.8437657,860.4586989,2137.94488,42,8,5,43,276,141,9,55,52,318,949,9998.793272786152,12132.06182163761
27710256,다사읍,대구광역시,달성군,다사읍,2231013,3847.0,2866.0,189.0,793.0,47.2,13,1,2487.40458,57.58,635150.8935,415900,35.8618434,128.4539279,695.7126472,1718.222883,2096.10859,1666.686167,4574.870517,5518.247798,97,160,24,74,435,284,4,44,121,797,2040,3827.5557058132235,6306.880781205663
27710259,유가읍,대구광역시,달성군,유가읍,2231014,3441.0,2662.0,149.0,630.0,20.14,1,0,544.3144105,31.66,228384.487,122450,35.6939301,128.4598164,680.753168,1154.41265,1521.090227,1620.899595,2240.50297,4465.577672,56,77,17,32,162,98,4,13,51,422,932,7475.169396374118,12171.637210464742
27710262,옥포읍,대구광역시,달성군,옥포면,2231015,6818.0,4861.0,192.0,1765.0,34.74,17,1,480.0326998,40.49,272826.9464,129550,35.7895893,128.463737,306.3028359,417.9873098,837.332716,4447.431058,4557.688906,4942.843432,30,35,6,36,165,86,10,19,31,247,665,6484.940280723871,9898.772816820248
27710265,현풍읍,대구광역시,달성군,현풍면,2231016,7982.0,5157.0,199.0,2626.0,32.98,25,3,889.3365893,39.93,410901.6144,205300,35.6974654,128.4476094,494.7921452,719.5417161,856.2362045,1183.84303,1596.85498,3927.447482,48,33,7,58,310,192,9,52,47,508,1264,7042.1494365110675,11871.24809228849
27710310,가창면,대구광역시,달성군,가창면,2231031,3199.0,2522.0,149.0,527.0,43.06,7,1,64.1336567,50.96,231808.3603,90200,35.8026898,128.6228183,189.0528023,558.664192,892.3216476,1359.936142,2881.801366,3871.546958,28,7,3,22,85,21,15,10,14,168,373,6460.9609438820635,6673.021499846512
27710330,하빈면,대구광역시,달성군,하빈면,2231032,2345.0,1551.0,70.0,724.0,38.45,3,0,86.93717277,43.58,143292.6161,93100,35.9009231,128.4455026,468.4982783,2664.65459,3243.153984,5634.848833,6642.257701,7411.666061,8,3,0,16,57,15,3,13,3,57,175,7499.05681200678,8285.104793100574
27710380,구지면,대구광역시,달성군,구지면,2231036,2409.0,1710.0,92.0,606.0,16.9,3,2,479.1164659,27.75,281884.4353,185300,35.6587771,128.4136123,1621.231726,1878.712479,2332.869694,2473.629351,3951.374286,6205.495157,17,32,5,42,103,68,8,18,25,290,608,1764.8505182700142,11721.815083851576
